{
  "categories": [
    {
      "id": 1,
      "nama": "Makanan"
    },
    {
      "id": 2,
      "nama": "Minuman"
    },
    {
      "id": 3,
      "nama": "Cemilan"
    }
  ],
  "products": [
    {
      "id": 1,
      "kode": "K-01",
      "nama": "Sate Ayam",
      "harga": 16000,
      "is_ready": true,
      "gambar": "sate-ayam.jpg",
      "category": {
        "id": 1,
        "nama": "Makanan"
      }
    },
    {
      "id": 2,
      "kode": "K-02",
      "nama": "Nasi Goreng Telur",
      "harga": 14000,
      "is_ready": true,
      "gambar": "nasi-goreng-telor.jpg",
      "category": {
        "id": 1,
        "nama": "Makanan"
      }
    },
    {
      "id": 3,
      "kode": "K-03",
      "nama": "Nasi Rames",
      "harga": 12000,
      "is_ready": true,
      "gambar": "nasi-rames.jpg",
      "category": {
        "id": 1,
        "nama": "Makanan"
      }
    },
    {
      "id": 4,
      "kode": "K-04",
      "nama": "Lontong Opor Ayam",
      "harga": 18000,
      "is_ready": true,
      "gambar": "lontong-opor-ayam.jpg",
      "category": {
        "id": 1,
        "nama": "Makanan"
      }
    },
    {
      "id": 5,
      "kode": "K-05",
      "nama": "Mie Goreng",
      "harga": 13000,
      "is_ready": true,
      "gambar": "mie-goreng.jpg",
      "category": {
        "id": 1,
        "nama": "Makanan"
      }
    },
    {
      "id": 6,
      "kode": "K-06",
      "nama": "Bakso",
      "harga": 10000,
      "is_ready": true,
      "gambar": "bakso.jpg",
      "category": {
        "id": 1,
        "nama": "Makanan"
      }
    },
    {
      "id": 7,
      "kode": "K-07",
      "nama": "Mie Ayam Bakso",
      "harga": 14000,
      "is_ready": true,
      "gambar": "mie-ayam-bakso.jpg",
      "category": {
        "id": 1,
        "nama": "Makanan"
      }
    },
    {
      "id": 8,
      "kode": "K-08",
      "nama": "Pangsit 6 pcs",
      "harga": 5000,
      "is_ready": true,
      "gambar": "pangsit.jpg",
      "category": {
        "id": 3,
        "nama": "Cemilan"
      }
    },
    {
      "id": 9,
      "kode": "K-09",
      "nama": "Kentang Goreng",
      "harga": 5000,
      "is_ready": true,
      "gambar": "kentang-goreng.jpg",
      "category": {
        "id": 3,
        "nama": "Cemilan"
      }
    },
    {
      "id": 10,
      "kode": "K-010",
      "nama": "Cheese Burger",
      "harga": 15000,
      "is_ready": true,
      "gambar": "cheese-burger.jpg",
      "category": {
        "id": 3,
        "nama": "Cemilan"
      }
    },
    {
      "id": 11,
      "kode": "K-011",
      "nama": "Coffe Late",
      "harga": 15000,
      "is_ready": true,
      "gambar": "coffe-late.jpg",
      "category": {
        "id": 2,
        "nama": "Minuman"
      }
    },
    {
      "id": 12,
      "kode": "K-012",
      "nama": "Es Jeruk",
      "harga": 7000,
      "is_ready": true,
      "gambar": "es-jeruk.jpg",
      "category": {
        "id": 2,
        "nama": "Minuman"
      }
    },
    {
      "id": 13,
      "kode": "K-013",
      "nama": "Es Teh",
      "harga": 5000,
      "is_ready": true,
      "gambar": "es-teh.jpg",
      "category": {
        "id": 2,
        "nama": "Minuman"
      }
    },
    {
      "id": 14,
      "kode": "K-014",
      "nama": "Teh Hangat",
      "harga": 3000,
      "is_ready": true,
      "gambar": "teh-hangat.jpg",
      "category": {
        "id": 2,
        "nama": "Minuman"
      }
    }
  ],
  "keranjangs": [
    {
      "jumlah": 1,
      "total_harga": 10000,
      "product": {
        "id": 6,
        "kode": "K-06",
        "nama": "Bakso",
        "harga": 10000,
        "is_ready": true,
        "gambar": "bakso.jpg",
        "category": {
          "id": 1,
          "nama": "Makanan"
        }
      },
      "keterangan": "Bakso Kosongan",
      "id": 1
    },
    {
      "jumlah": 1,
      "total_harga": 13000,
      "product": {
        "id": 5,
        "kode": "K-05",
        "nama": "Mie Goreng",
        "harga": 13000,
        "is_ready": true,
        "gambar": "mie-goreng.jpg",
        "category": {
          "id": 1,
          "nama": "Makanan"
        }
      },
      "id": 2
    }
  ],
  "pesanans": [
    {
      "total_bayar": 60000,
      "menus": [
        {
          "jumlah": 2,
          "total_harga": 32000,
          "product": {
            "id": 1,
            "kode": "K-01",
            "nama": "Sate Ayam",
            "harga": 16000,
            "is_ready": true,
            "gambar": "sate-ayam.jpg",
            "category": {
              "id": 1,
              "nama": "Makanan"
            }
          },
          "keterangan": "Semuanya Pedas",
          "id": 1
        },
        {
          "jumlah": 2,
          "total_harga": 28000,
          "product": {
            "id": 2,
            "kode": "K-02",
            "nama": "Nasi Goreng Telur",
            "harga": 14000,
            "is_ready": true,
            "gambar": "nasi-goreng-telor.jpg",
            "category": {
              "id": 1,
              "nama": "Makanan"
            }
          },
          "id": 3
        }
      ],
      "id": 1
    }
  ]
}